{
  "name": [
    "lr=0.01",
    "64,32,16 / 0.01 / relu / 1e-4 / adam",
    "act=tanh",
    "lr=0.005",
    "alpha=1.0",
    "128,64,32 / 0.01 / relu / 1e-4 / adam",
    "alpha=0.001",
    "64,32,16 / 0.001 / relu / 0.001 / adam",
    "alpha=0.1",
    "64,32,16 / 0.01 / relu / 1e-4 / sgd",
    "hidden=(128, 64, 32, 16)             ",
    "alpha=1e-05",
    "default (64,32,16 / 0.001 / relu / 1e-4 / adam)",
    "hidden=(64, 32, 16)                  ",
    "lr=0.001",
    "act=relu",
    "alpha=0.0001",
    "solver=adam",
    "epochs=200",
    "epochs=500",
    "epochs=1000",
    "epochs=2000",
    "alpha=0.0",
    "lr=0.0005",
    "alpha=0.01",
    "64,32,16 / 0.01 / tanh / 1e-4 / adam",
    "hidden=(64,)                         ",
    "hidden=(32, 16)                      ",
    "hidden=(64, 64, 64)                  ",
    "lr=0.05",
    "lr=0.0001",
    "hidden=(256, 128, 64)                ",
    "128,64,32 / 0.001 / relu / 1e-4 / lbfgs",
    "act=logistic",
    "hidden=(32,)                         ",
    "solver=sgd",
    "lr=0.1",
    "hidden=(64, 32, 16, 8)               ",
    "hidden=(128, 64, 32)                 ",
    "hidden=(128,)                        ",
    "hidden=(64, 32)                      ",
    "solver=lbfgs"
  ],
  "MAE": [
    1.883901256598911,
    1.883901256598911,
    1.9460967706370185,
    1.7917940945509276,
    1.8718432880271343,
    2.02748934429784,
    1.8432954599981313,
    1.8432954599981313,
    1.866673092049572,
    1.9446602715232029,
    1.8659797093108819,
    1.861213839102155,
    1.8796597975138336,
    1.8796597975138336,
    1.8796597975138336,
    1.8796597975138336,
    1.8796597975138336,
    1.8796597975138336,
    1.8796597975138336,
    1.8796597975138336,
    1.8796597975138336,
    1.8796597975138336,
    1.8757640500691375,
    1.8804482207848467,
    1.8780364734419999,
    2.0929505626482734,
    2.1991174161027867,
    2.1869620608066382,
    2.0318679715723484,
    2.190866465356596,
    2.133513910484421,
    2.0981040836662364,
    2.4404420261882795,
    2.411869080930413,
    2.280873881653516,
    2.2140705760421935,
    2.258886022906857,
    2.3144587541046127,
    2.6210099199594676,
    2.9536664996318636,
    3.051802089607017,
    3.441455721433432
  ],
  "RMSE": [
    2.8639357755713366,
    2.8639357755713366,
    3.038123542646425,
    3.0756852103665704,
    3.1245774732516503,
    3.1638860207111,
    3.1826874570573724,
    3.1826874570573724,
    3.1901386625548276,
    3.1994659836369537,
    3.199783224755368,
    3.2084318399393186,
    3.213851590414245,
    3.213851590414245,
    3.213851590414245,
    3.213851590414245,
    3.213851590414245,
    3.213851590414245,
    3.213851590414245,
    3.213851590414245,
    3.213851590414245,
    3.213851590414245,
    3.2149688038045947,
    3.2291503841495426,
    3.247588887355091,
    3.2607459682333215,
    3.427460435206978,
    3.433041917191987,
    3.4533243587632065,
    3.523478191015915,
    3.5297189255096826,
    3.6741310416008943,
    3.689748443905746,
    3.7006774892054466,
    3.733299264436828,
    3.7775379780845024,
    3.8249181992963335,
    3.979402857374821,
    4.006098915106248,
    4.789946734936082,
    4.989431108883249,
    5.178064925088024
  ],
  "R2": [
    0.8881534843406915,
    0.8881534843406915,
    0.8741344812362493,
    0.8710029797237315,
    0.866869211356412,
    0.8634984543185671,
    0.8618713093368561,
    0.8618713093368561,
    0.861223787349439,
    0.860411093778284,
    0.860383410698421,
    0.8596276582508843,
    0.8591530178849881,
    0.8591530178849881,
    0.8591530178849881,
    0.8591530178849881,
    0.8591530178849881,
    0.8591530178849881,
    0.8591530178849881,
    0.8591530178849881,
    0.8591530178849881,
    0.8591530178849881,
    0.8590550771553673,
    0.8578088876083668,
    0.8561804242634707,
    0.8550127402249919,
    0.8398080048696417,
    0.8392858475686292,
    0.8373812366838379,
    0.8307069671365075,
    0.8301067372200962,
    0.8159205985412873,
    0.8143523626819948,
    0.8132509562588395,
    0.8099440285608308,
    0.8054131048349981,
    0.8005012342084674,
    0.7840606822825047,
    0.7811536808004386,
    0.6871347865230768,
    0.6605326806082332,
    0.6343792013319505
  ],
  "time": [
    0.08059906959533691,
    0.05279731750488281,
    0.44412899017333984,
    0.07069039344787598,
    0.2844221591949463,
    0.0885772705078125,
    0.19511198997497559,
    0.12659144401550293,
    0.421436071395874,
    0.17187714576721191,
    0.35260009765625,
    0.1889035701751709,
    0.2067728042602539,
    0.19890093803405762,
    0.18283987045288086,
    0.20090627670288086,
    0.19335103034973145,
    0.17534518241882324,
    0.12880277633666992,
    0.1270616054534912,
    0.12666916847229004,
    0.12584161758422852,
    0.18815970420837402,
    0.3448295593261719,
    0.19309568405151367,
    0.09059476852416992,
    0.2916111946105957,
    0.3213469982147217,
    0.24622273445129395,
    0.08321499824523926,
    0.7925021648406982,
    0.5533487796783447,
    2.646803855895996,
    1.3564412593841553,
    0.24442028999328613,
    0.3133399486541748,
    0.10148000717163086,
    0.09707403182983398,
    0.11665964126586914,
    0.044396400451660156,
    0.04052400588989258,
    0.6911852359771729
  ],
  "n_iter": [
    51,
    51,
    233,
    45,
    180,
    35,
    122,
    122,
    260,
    179,
    93,
    122,
    122,
    122,
    122,
    122,
    122,
    122,
    122,
    122,
    122,
    122,
    117,
    226,
    122,
    71,
    300,
    297,
    87,
    52,
    500,
    67,
    452,
    409,
    274,
    327,
    67,
    52,
    32,
    36,
    27,
    598
  ],
  "loss": [
    0.015578971697899815,
    0.015578971697899815,
    0.022613428461713523,
    0.021692632359955933,
    0.13583407250205162,
    0.02215185194356653,
    0.022193639259618897,
    0.022193639259618897,
    0.03331362613404451,
    0.028750140103148292,
    0.015199921116030959,
    0.021935605001134773,
    0.02188782242015133,
    0.02188782242015133,
    0.02188782242015133,
    0.02188782242015133,
    0.02188782242015133,
    0.02188782242015133,
    0.02188782242015133,
    0.02188782242015133,
    0.02188782242015133,
    0.02188782242015133,
    0.022683897262655257,
    0.02127419114796137,
    0.024462398141254157,
    0.020856173027140563,
    0.03715933004538826,
    0.02223848408487012,
    0.018201196871129675,
    0.03207512383205558,
    0.04158963978539768,
    0.011522519355858536,
    5.2219842212317684e-05,
    0.07658721673702078,
    0.050170436306219146,
    0.06180873226395316,
    0.05908131750509463,
    0.053789994259389476,
    0.05691553588654504,
    0.08301398650427572,
    0.09633134327475479,
    3.391511788254299e-05
  ],
  "config": [
    {
      "hidden": "(64, 32, 16)",
      "lr": 0.01,
      "act": "relu",
      "alpha": 0.0001,
      "solver": "adam",
      "max_epochs": 500
    },
    {
      "hidden": "(64, 32, 16)",
      "lr": 0.01,
      "act": "relu",
      "alpha": 0.0001,
      "solver": "adam",
      "max_epochs": 500
    },
    {
      "hidden": "(64, 32, 16)",
      "lr": 0.001,
      "act": "tanh",
      "alpha": 0.0001,
      "solver": "adam",
      "max_epochs": 500
    },
    {
      "hidden": "(64, 32, 16)",
      "lr": 0.005,
      "act": "relu",
      "alpha": 0.0001,
      "solver": "adam",
      "max_epochs": 500
    },
    {
      "hidden": "(64, 32, 16)",
      "lr": 0.001,
      "act": "relu",
      "alpha": 1.0,
      "solver": "adam",
      "max_epochs": 500
    },
    {
      "hidden": "(128, 64, 32)",
      "lr": 0.01,
      "act": "relu",
      "alpha": 0.0001,
      "solver": "adam",
      "max_epochs": 500
    },
    {
      "hidden": "(64, 32, 16)",
      "lr": 0.001,
      "act": "relu",
      "alpha": 0.001,
      "solver": "adam",
      "max_epochs": 500
    },
    {
      "hidden": "(64, 32, 16)",
      "lr": 0.001,
      "act": "relu",
      "alpha": 0.001,